Date,Quarter,Department,Targeted Productivity,Overtime,No. of Workers,Actual Productivity
1/1/2015,Q1,Sewing,0.8,7080,59,0.940725424
1/1/2015,Q1,Finishing,0.75,960,8,0.8865
1/1/2015,Q1,Sewing,0.8,3660,30.5,0.800570492
1/1/2015,Q1,Sewing,0.8,3660,30.5,0.800570492
1/1/2015,Q1,Sewing,0.8,1920,56,
1/1/2015,Q1,Sewing,0.8,6720,56,0.800125
1/1/2015,Q1,Finishing,0.75,960,8,0.755166667
1/1/2015,Q1,Sewing,0.75,6900,57.5,0.753683478
1/1/2015,Q1,Sewing,0.75,6000,55,0.753097531
1/1/2015,Q1,Sewing,0.75,6900,57.5,0.750427826
1/1/2015,Q1,Sewing,0.7,6900,57.5,0.721126957
1/1/2015,Q1,Sewing,0.75,6480,54,0.712205247
1/1/2015,Q1,Sewing,0.8,3660,30.5,0.707045902
1/1/2015,Q1,Finishing,0.65,960,8,0.705916667
1/1/2015,Q1,Finishing,0.75,960,8,0.676666667
1/1/2015,Q1,Finishing,0.75,2160,18,0.593055556
1/1/2015,Q1,Finishing,0.8,960,8,0.540729167
1/1/2015,Q1,Sewing,0.65,7200,60,0.52118
1/1/2015,Q1,Finishing,0.7,1440,12,
3/1/2015,Q1,Finishing,0.8,6600,20,0.988024691
3/1/2015,Q1,Finishing,0.75,5640,17,0.987880435
3/1/2015,Q1,Finishing,0.8,960,8,0.956270833
3/1/2015,Q1,Finishing,0.75,1560,8,0.945277778
3/1/2015,Q1,Finishing,0.8,960,8,0.902916667
3/1/2015,Q1,Sewing,0.8,6300,56.5,0.800725314
3/1/2015,Q1,Sewing,0.8,6540,54.5,0.800322936
3/1/2015,Q1,Sewing,0.8,7080,59,0.800318644
3/1/2015,Q1,Sewing,0.8,7080,59,0.800318644
3/1/2015,Q1,Sewing,0.8,7080,29.5,0.800237288
3/1/2015,Q1,Sewing,0.8,7080,31.5,0.800148649
3/1/2015,Q1,Sewing,0.8,6720,56,0.800125
3/1/2015,Q1,Sewing,0.8,6720,56,0.800125
3/1/2015,Q1,Sewing,0.75,6480,54,0.787299691
3/1/2015,Q1,Finishing,0.8,960,8,0.782447917
3/1/2015,Q1,Sewing,0.75,6600,55,0.75024303
3/1/2015,Q1,Finishing,0.7,960,8,0.7018125
3/1/2015,Q1,Sewing,0.7,13800,60,0.700134038
3/1/2015,Q1,Sewing,0.7,6900,57.5,0.699965217
3/1/2015,Q1,Finishing,0.8,960,8,0.628333333
3/1/2015,Q1,Finishing,0.8,960,8,0.6253125
4/1/2015,Q1,Finishing,0.75,1560,8,0.991388889
4/1/2015,Q1,Finishing,0.8,960,8,0.931645833
4/1/2015,Q1,Finishing,0.8,960,8,0.915229167
4/1/2015,Q1,Sewing,0.8,6975,31,0.879714482
4/1/2015,Q1,Finishing,0.8,6600,20,0.861679012
4/1/2015,Q1,Sewing,0.8,7080,59,0.850569492
4/1/2015,Q1,Sewing,0.8,7020,56.5,0.850436438
4/1/2015,Q1,Sewing,0.8,6780,56.5,0.850345133
4/1/2015,Q1,Sewing,0.8,4260,55.5,0.800598058
4/1/2015,Q1,Sewing,0.8,7080,59,0.800318644
4/1/2015,Q1,Sewing,0.8,6660,55.5,0.800237838
4/1/2015,Q1,Sewing,0.8,6975,31,0.800030199
4/1/2015,Q1,Finishing,0.8,960,8,0.792104167
4/1/2015,Q1,Finishing,0.7,4320,18,0.759228395
4/1/2015,Q1,Sewing,0.75,6480,54,0.750348457
4/1/2015,Q1,Sewing,0.75,6600,55,0.75024303
4/1/2015,Q1,Sewing,0.7,6900,57.5,0.699965217
4/1/2015,Q1,Finishing,0.8,960,8,0.682708333
4/1/2015,Q1,Finishing,0.8,960,8,0.667604167
4/1/2015,Q1,Sewing,0.7,6960,58,0.603432184
4/1/2015,Q1,Finishing,0.75,960,8,0.345833333
5/1/2015,Q1,Finishing,0.8,1920,8,0.961059028
5/1/2015,Q1,Finishing,0.8,2400,10,0.939513889
5/1/2015,Q1,Finishing,0.8,3840,16,0.893663194
5/1/2015,Q1,Finishing,0.75,1920,8,0.875390625
5/1/2015,Q1,Sewing,0.8,7080,59,0.850569492
5/1/2015,Q1,Finishing,0.8,1920,8,0.820833333
5/1/2015,Q1,Finishing,0.8,960,8,0.804416667
5/1/2015,Q1,Sewing,0.8,6780,56.5,0.800684366
5/1/2015,Q1,Sewing,0.8,6780,56.5,0.800684366
5/1/2015,Q1,Sewing,0.8,7080,59,0.800318644
5/1/2015,Q1,Sewing,0.8,4800,55,0.800250962
5/1/2015,Q1,Sewing,0.8,7200,32,0.800246011
5/1/2015,Q1,Sewing,0.8,7200,32,0.800246011
5/1/2015,Q1,Sewing,0.8,6900,57.5,0.800076522
5/1/2015,Q1,Sewing,0.8,6900,57.5,0.800076522
5/1/2015,Q1,Finishing,0.75,960,8,0.763375
5/1/2015,Q1,Finishing,0.6,960,8,0.759270833
5/1/2015,Q1,Sewing,0.75,7020,58.5,0.7504
5/1/2015,Q1,Sewing,0.75,6600,55,0.75024303
5/1/2015,Q1,Finishing,0.8,960,8,0.676666667
5/1/2015,Q1,Finishing,0.8,960,8,0.664583333
5/1/2015,Q1,Sewing,0.6,6960,58,0.600028736
6/1/2015,Q1,Finishing,0.8,4440,18,0.966781346
6/1/2015,Q1,Finishing,0.8,1440,8,0.936496212
6/1/2015,Q1,Finishing,0.75,1800,10,0.899166667
6/1/2015,Q1,Finishing,0.8,2700,15,0.888686869
6/1/2015,Q1,Finishing,0.8,1440,8,
6/1/2015,Q1,Sewing,0.8,10620,59,0.850502311
6/1/2015,Q1,Sewing,0.8,10620,59,0.850502311
6/1/2015,Q1,Finishing,0.75,1440,8,0.809640152
6/1/2015,Q1,Finishing,0.8,1440,8,0.805909091
6/1/2015,Q1,Sewing,0.8,10350,57.5,0.800594466
6/1/2015,Q1,Sewing,0.8,10350,57.5,0.800594466
6/1/2015,Q1,Sewing,0.8,9900,55,0.800273829
6/1/2015,Q1,Sewing,0.8,5310,31.5,0.800140969
6/1/2015,Q1,Sewing,0.8,10170,56.5,0.800128721
6/1/2015,Q1,Sewing,0.8,10170,56.5,0.800128721
6/1/2015,Q1,Sewing,0.8,4470,31.5,0.80007657
6/1/2015,Q1,Sewing,0.75,10530,58.5,0.750545455
6/1/2015,Q1,Sewing,0.75,9900,55,0.750057851
6/1/2015,Q1,Finishing,0.8,1440,8,0.681060606
6/1/2015,Q1,Sewing,0.65,10440,58,0.649983281
6/1/2015,Q1,Finishing,0.8,1440,8,0.61625
7/1/2015,Q1,Finishing,0.8,1440,8,0.951420455
7/1/2015,Q1,Finishing,0.8,1440,8,0.880530303
7/1/2015,Q1,Sewing,0.8,10620,59,0.850502311
7/1/2015,Q1,Sewing,0.8,10620,59,0.850502311
7/1/2015,Q1,Sewing,0.8,10170,56.5,0.850136766
7/1/2015,Q1,Finishing,0.75,2700,15,0.83
7/1/2015,Q1,Finishing,0.8,4440,18,0.827186544
7/1/2015,Q1,Finishing,0.8,1440,8,0.813371212
7/1/2015,Q1,Finishing,0.75,1440,8,0.805909091
7/1/2015,Q1,Finishing,0.8,1440,8,0.804640152
7/1/2015,Q1,Sewing,0.8,10350,57.5,0.800594466
7/1/2015,Q1,Sewing,0.8,10350,57.5,0.800594466
7/1/2015,Q1,Sewing,0.8,5490,30.5,0.800343766
7/1/2015,Q1,Sewing,0.8,9900,55,0.800273829
7/1/2015,Q1,Sewing,0.8,5670,31.5,0.800246753
7/1/2015,Q1,Sewing,0.8,10170,56.5,0.800128721
7/1/2015,Q1,Sewing,0.75,10530,58.5,0.8
7/1/2015,Q1,Sewing,0.7,9720,58,0.700480831
7/1/2015,Q1,Finishing,0.8,1440,8,0.681060606
7/1/2015,Q1,Finishing,0.8,1800,10,0.666515152
7/1/2015,Q1,Sewing,0.8,9900,55,0.412119835
7/1/2015,Q1,Finishing,0.7,1440,8,0.330113636
8/1/2015,Q2,Finishing,0.8,1440,8,0.947689394
8/1/2015,Q2,Finishing,0.8,12600,20,0.919905405
8/1/2015,Q2,Sewing,0.8,10620,59,0.900215716
8/1/2015,Q2,Finishing,0.8,1440,8,0.891723485
8/1/2015,Q2,Sewing,0.8,10620,59,0.850502311
8/1/2015,Q2,Sewing,0.8,10530,58.5,0.850181818
8/1/2015,Q2,Sewing,0.8,10170,56.5,0.850136766
8/1/2015,Q2,Sewing,0.8,10170,56.5,0.850136766
8/1/2015,Q2,Finishing,0.8,1440,8,0.835757576
8/1/2015,Q2,Finishing,0.7,3840,8,0.821354167
8/1/2015,Q2,Sewing,0.8,10050,58.5,
8/1/2015,Q2,Sewing,0.8,9900,55,0.800273829
8/1/2015,Q2,Sewing,0.8,15120,31.5,0.800107143
8/1/2015,Q2,Sewing,0.8,14640,30.5,0.800024932
8/1/2015,Q2,Sewing,0.75,10530,58.5,0.8
8/1/2015,Q2,Finishing,0.75,1440,8,
8/1/2015,Q2,Finishing,0.8,1440,8,0.735984848
8/1/2015,Q2,Finishing,0.75,2160,12,0.712626263
8/1/2015,Q2,Finishing,0.8,1440,8,0.681060606
8/1/2015,Q2,Finishing,0.8,900,5,0.515606061
8/1/2015,Q2,Sewing,0.35,25920,54,0.349951389
8/1/2015,Q2,Sewing,0.7,10260,57,0.233705476
10/1/2015,Q2,Finishing,0.8,2160,8,0.985
10/1/2015,Q2,Finishing,0.75,2760,12,0.930340376
10/1/2015,Q2,Finishing,0.8,6000,20,0.911589744
10/1/2015,Q2,Finishing,0.8,1440,8,0.858143939
10/1/2015,Q2,Sewing,0.8,10620,59,0.851174114
10/1/2015,Q2,Sewing,0.8,10170,56.5,0.850136766
10/1/2015,Q2,Sewing,0.8,10170,56.5,0.850136766
10/1/2015,Q2,Finishing,0.8,1440,8,0.846950758
10/1/2015,Q2,Finishing,0.8,1440,8,0.817424242
10/1/2015,Q2,Finishing,0.8,1440,8,0.817102273
10/1/2015,Q2,Sewing,0.8,10440,58,0.801028213
10/1/2015,Q2,Sewing,0.8,10350,57.5,0.800594466
10/1/2015,Q2,Sewing,0.8,4710,31.5,0.800346445
10/1/2015,Q2,Sewing,0.8,5490,30.5,0.800343766
10/1/2015,Q2,Sewing,0.8,10620,59,0.800117103
10/1/2015,Q2,Sewing,0.8,10530,58.5,0.8
10/1/2015,Q2,Sewing,0.75,7080,56,0.750098351
10/1/2015,Q2,Sewing,0.5,9540,53,0.673245283
10/1/2015,Q2,Finishing,0.8,1440,8,0.670075758
10/1/2015,Q2,Finishing,0.8,1440,8,0.628882576
10/1/2015,Q2,Sewing,0.5,7680,56,0.388007813
10/1/2015,Q2,Finishing,0.5,1440,8,0.337973485
11/1/2015,Q2,Finishing,0.75,1440,8,0.93532197
11/1/2015,Q2,Finishing,0.8,3600,20,0.925643939
11/1/2015,Q2,Sewing,0.8,10620,59,0.900215716
11/1/2015,Q2,Finishing,0.8,1440,8,0.873068182
11/1/2015,Q2,Finishing,0.8,1440,8,0.858143939
11/1/2015,Q2,Sewing,0.8,10620,59,0.850502311
11/1/2015,Q2,Sewing,0.8,10170,56.5,0.850136766
11/1/2015,Q2,Sewing,0.8,10170,56.5,0.850136766
11/1/2015,Q2,Finishing,0.8,1440,8,0.828295455
11/1/2015,Q2,Finishing,0.8,1440,8,0.820833333
11/1/2015,Q2,Sewing,0.8,5490,30.5,0.800343766
11/1/2015,Q2,Sewing,0.8,5670,31.5,0.800246753
11/1/2015,Q2,Sewing,0.8,10530,58.5,0.8
11/1/2015,Q2,Sewing,0.8,10530,58.5,0.8
11/1/2015,Q2,Sewing,0.8,6420,55,0.690182815
11/1/2015,Q2,Finishing,0.8,1440,8,0.668087121
11/1/2015,Q2,Finishing,0.8,1440,8,0.653598485
11/1/2015,Q2,Finishing,0.5,1440,8,0.609138258
11/1/2015,Q2,Sewing,0.6,9540,53,0.600229846
11/1/2015,Q2,Finishing,0.8,1440,8,0.597348485
11/1/2015,Q2,Finishing,0.8,1440,8,0.590435606
11/1/2015,Q2,Sewing,0.8,10440,58,0.473134796
11/1/2015,Q2,Sewing,0.6,7980,57,0.452979626
12/1/2015,Q2,Finishing,0.8,1440,8,
12/1/2015,Q2,Finishing,0.35,3240,18,0.942213805
12/1/2015,Q2,Finishing,0.8,1800,10,0.905454545
12/1/2015,Q2,Finishing,0.8,1440,8,0.880530303
12/1/2015,Q2,Finishing,0.8,1440,8,0.858143939
12/1/2015,Q2,Sewing,0.8,8220,59,0.850522167
12/1/2015,Q2,Sewing,0.8,10620,59,0.850502311
12/1/2015,Q2,Sewing,0.8,10170,56.5,0.850136766
12/1/2015,Q2,Sewing,0.8,10170,56.5,0.850136766
12/1/2015,Q2,Finishing,0.8,1440,8,0.817424242
12/1/2015,Q2,Finishing,0.65,1440,8,0.809564394
12/1/2015,Q2,Sewing,0.8,9900,55,0.800273829
12/1/2015,Q2,Sewing,0.8,5670,31.5,0.800181818
12/1/2015,Q2,Sewing,0.8,4470,31.5,0.80007657
12/1/2015,Q2,Sewing,0.8,10530,58.5,0.8
12/1/2015,Q2,Finishing,0.8,1440,8,0.725
12/1/2015,Q2,Sewing,0.8,6930,58.5,0.688557555
12/1/2015,Q2,Sewing,0.65,8460,59,0.650040783
12/1/2015,Q2,Sewing,0.65,9540,53,0.64998056
12/1/2015,Q2,Finishing,0.8,1440,8,0.648106061
12/1/2015,Q2,Finishing,0.8,1440,8,0.640577652
12/1/2015,Q2,Sewing,0.35,7350,51.5,0.35063299
12/1/2015,Q2,Finishing,0.8,1440,8,0.24625
1/13/2015,Q2,Finishing,0.35,2160,12,0.952020202
1/13/2015,Q2,Finishing,0.8,1440,2,0.951420455
1/13/2015,Q2,Finishing,0.8,5400,20,0.912766667
1/13/2015,Q2,Finishing,0.8,1620,9,0.901262626
1/13/2015,Q2,Finishing,0.8,1440,8,0.858143939
1/13/2015,Q2,Sewing,0.8,10620,59,0.850502311
1/13/2015,Q2,Sewing,0.8,10620,59,0.850502311
1/13/2015,Q2,Sewing,0.8,10260,57,0.850252525
1/13/2015,Q2,Sewing,0.8,10170,56.5,0.850136766
1/13/2015,Q2,Finishing,0.65,1440,8,0.821354167
1/13/2015,Q2,Finishing,0.8,1440,8,0.805909091
1/13/2015,Q2,Sewing,0.8,5670,31.5,0.800246753
1/13/2015,Q2,Sewing,0.8,5670,31.5,0.800246753
1/13/2015,Q2,Sewing,0.8,10530,58.5,0.8
1/13/2015,Q2,Sewing,0.8,9900,55,0.705576584
1/13/2015,Q2,Finishing,0.8,1440,8,0.681060606
1/13/2015,Q2,Finishing,0.8,1440,8,0.670075758
1/13/2015,Q2,Finishing,0.8,1440,8,0.601278409
1/13/2015,Q2,Sewing,0.7,9540,53,0.582301029
1/13/2015,Q2,Sewing,0.7,10440,58,0.526810345
1/13/2015,Q2,Sewing,0.5,10170,56.5,0.500380799
1/13/2015,Q2,Sewing,0.35,10170,56.5,0.35020649
1/14/2015,Q2,Finishing,0.8,1980,7,0.934607438
1/14/2015,Q2,Finishing,0.35,2700,8,0.908080808
1/14/2015,Q2,Sewing,0.8,10170,56.5,0.900144811
1/14/2015,Q2,Finishing,0.8,1440,8,0.891723485
1/14/2015,Q2,Finishing,0.65,1440,15,0.864583333
1/14/2015,Q2,Finishing,0.8,1440,8,0.858143939
1/14/2015,Q2,Sewing,0.8,10620,59,0.850502311
1/14/2015,Q2,Sewing,0.8,10170,56.5,0.850136766
1/14/2015,Q2,Finishing,0.8,1440,8,0.837594697
1/14/2015,Q2,Finishing,0.8,1440,7,0.820833333
1/14/2015,Q2,Sewing,0.8,2970,31.5,0.800313433
1/14/2015,Q2,Sewing,0.8,5670,31.5,0.800246753
1/14/2015,Q2,Sewing,0.8,10620,59,0.800117103
1/14/2015,Q2,Sewing,0.7,7320,58,0.700095563
1/14/2015,Q2,Finishing,0.8,1440,8,0.667329545
1/14/2015,Q2,Sewing,0.6,5100,57,0.600369686
1/14/2015,Q2,Sewing,0.5,3390,56.5,0.499980334
1/14/2015,Q2,Sewing,0.35,7200,55,0.35003125
1/14/2015,Q2,Finishing,0.8,1260,8,0.332359307
1/14/2015,Q2,Sewing,0.8,4260,57,0.311207464
1/14/2015,Q2,Finishing,0.8,1260,8,0.247316017
1/15/2015,Q3,Finishing,0.35,3600,20,0.988636364
1/15/2015,Q3,Finishing,0.8,3420,19,0.953110048
1/15/2015,Q3,Finishing,0.8,1440,8,0.884261364
1/15/2015,Q3,Finishing,0.65,1440,8,0.860653409
1/15/2015,Q3,Finishing,0.8,1440,8,0.858143939
1/15/2015,Q3,Sewing,0.8,10620,59,
1/15/2015,Q3,Sewing,0.8,8970,56.5,0.850415628
1/15/2015,Q3,Sewing,0.8,10170,56.5,0.850136766
1/15/2015,Q3,Sewing,0.8,10620,59,0.800117103
1/15/2015,Q3,Sewing,0.8,4950,31.5,0.80003139
1/15/2015,Q3,Sewing,0.8,4950,31.5,0.80003139
1/15/2015,Q3,Sewing,0.7,10440,58,0.700060345
1/15/2015,Q3,Finishing,0.8,1440,8,0.689299242
1/15/2015,Q3,Sewing,0.5,10170,56.5,0.660683293
1/15/2015,Q3,Sewing,0.65,10080,56,0.650130952
1/15/2015,Q3,Finishing,0.8,1440,8,0.606912879
1/15/2015,Q3,Sewing,0.6,10170,56.5,0.600291767
1/15/2015,Q3,Sewing,0.5,9900,55,0.500025069
1/15/2015,Q3,Sewing,0.5,9810,54.5,0.499998888
1/17/2015,Q3,Finishing,0.65,2700,15,0.98719697
1/17/2015,Q3,Finishing,0.8,1800,10,0.980909091
1/17/2015,Q3,Finishing,0.8,1440,8,0.974621212
1/17/2015,Q3,Finishing,0.8,1440,8,0.884261364
1/17/2015,Q3,Finishing,0.8,1800,10,0.82680303
1/17/2015,Q3,Sewing,0.8,5490,30.5,0.800343766
1/17/2015,Q3,Sewing,0.8,5670,31.5,0.800246753
1/17/2015,Q3,Sewing,0.8,10170,56.5,0.800128721
1/17/2015,Q3,Sewing,0.8,10170,56.5,0.800128721
1/17/2015,Q3,Sewing,0.8,10620,59,0.800117103
1/17/2015,Q3,Sewing,0.8,10620,59,0.800117103
1/17/2015,Q3,Sewing,0.6,6570,56.5,0.77011398
1/17/2015,Q3,Sewing,0.7,10170,56.5,0.7005417
1/17/2015,Q3,Finishing,0.8,1440,8,0.675568182
1/17/2015,Q3,Finishing,0.8,1440,8,0.661837121
1/17/2015,Q3,Sewing,0.65,9720,54,0.650198653
1/17/2015,Q3,Sewing,0.6,10170,56.5,0.600291767
1/17/2015,Q3,Sewing,0.6,10080,56,0.600273268
1/17/2015,Q3,Finishing,0.8,900,5,0.465757576
1/17/2015,Q3,Sewing,0.7,10440,58,0.452012539
1/17/2015,Q3,Finishing,0.8,1260,7,0.313852814
1/18/2015,Q3,Finishing,0.6,1440,8,0.852793561
1/18/2015,Q3,Finishing,0.65,2160,12,0.838383838
1/18/2015,Q3,Finishing,0.8,1800,10,0.804848485
1/18/2015,Q3,Sewing,0.8,5490,30.5,0.800343766
1/18/2015,Q3,Sewing,0.8,10170,56.5,0.800128721
1/18/2015,Q3,Sewing,0.8,10170,56.5,0.800128721
1/18/2015,Q3,Sewing,0.8,3660,59,0.800015009
1/18/2015,Q3,Sewing,0.7,10170,56.5,0.7005417
1/18/2015,Q3,Sewing,0.7,10080,56,0.700094156
1/18/2015,Q3,Finishing,0.8,1440,8,0.692045455
1/18/2015,Q3,Sewing,0.8,5670,31.5,0.662255892
1/18/2015,Q3,Sewing,0.65,10170,56.5,0.650416734
1/18/2015,Q3,Sewing,0.65,10260,57,0.650299575
1/18/2015,Q3,Sewing,0.65,10170,56.5,0.650243497
1/18/2015,Q3,Finishing,0.8,1440,8,0.639867424
1/18/2015,Q3,Sewing,0.6,10440,58,0.600062696
1/18/2015,Q3,Finishing,0.8,1800,10,0.582045455
1/18/2015,Q3,Sewing,0.8,10350,57.5,0.403242161
1/18/2015,Q3,Finishing,0.7,1440,8,0.235795455
1/19/2015,Q3,Finishing,0.7,5040,28,0.977272727
1/19/2015,Q3,Finishing,0.8,1800,10,0.964106061
1/19/2015,Q3,Finishing,0.65,1440,8,0.958901515
1/19/2015,Q3,Sewing,0.8,4380,31,0.800358775
1/19/2015,Q3,Sewing,0.8,3630,56.5,0.800162602
1/19/2015,Q3,Sewing,0.8,10620,59,0.800117103
1/19/2015,Q3,Finishing,0.8,1440,8,0.793844697
1/19/2015,Q3,Sewing,0.7,10170,56.5,0.750517565
1/19/2015,Q3,Sewing,0.7,10260,57,
1/19/2015,Q3,Sewing,0.7,10170,56.5,0.750062751
1/19/2015,Q3,Sewing,0.7,10080,56,0.750057359
1/19/2015,Q3,Sewing,0.7,10260,57,0.700170388
1/19/2015,Q3,Finishing,0.8,1440,8,0.683806818
1/19/2015,Q3,Sewing,0.65,8280,58,0.650066445
1/19/2015,Q3,Sewing,0.8,10260,57,0.576460393
1/19/2015,Q3,Sewing,0.5,10170,56.5,0.549969429
1/19/2015,Q3,Finishing,0.7,1440,8,0.538399621
1/19/2015,Q3,Finishing,0.7,1440,8,0.409545455
1/19/2015,Q3,Sewing,0.35,6120,34,0.35021836
1/20/2015,Q3,Finishing,0.7,1440,8,1.033570076
1/20/2015,Q3,Sewing,0.8,5580,31,0.800261486
1/20/2015,Q3,Sewing,0.8,10170,56.5,0.800128721
1/20/2015,Q3,Sewing,0.8,10620,59,0.800117103
1/20/2015,Q3,Sewing,0.7,10260,57,0.750068049
1/20/2015,Q3,Sewing,0.7,10080,56,0.750057359
1/20/2015,Q3,Sewing,0.7,8460,57,0.750037968
1/20/2015,Q3,Sewing,0.7,10260,57,0.750031898
1/20/2015,Q3,Finishing,0.8,1800,10,0.72830303
1/20/2015,Q3,Sewing,0.7,10260,57,0.700170388
1/20/2015,Q3,Sewing,0.7,10260,57,0.700063796
1/20/2015,Q3,Finishing,0.8,1440,8,0.639867424
1/20/2015,Q3,Sewing,0.5,3720,34,0.500290419
1/20/2015,Q3,Sewing,0.35,10080,56,0.400332792
1/20/2015,Q3,Finishing,0.7,2700,15,0.362666667
1/21/2015,Q3,Finishing,0.75,6000,20,0.978525641
1/21/2015,Q3,Finishing,0.7,5100,17,0.912202112
1/21/2015,Q3,Sewing,0.75,10080,56,0.900556277
1/21/2015,Q3,Sewing,0.8,5760,89,0.850410511
1/21/2015,Q3,Finishing,0.8,2400,8,0.827147436
1/21/2015,Q3,Sewing,0.8,7470,56.5,0.800436542
1/21/2015,Q3,Sewing,0.7,10500,57,0.800415742
1/21/2015,Q3,Sewing,0.7,10080,56,0.800020563
1/21/2015,Q3,Finishing,0.7,2400,8,0.758173077
1/21/2015,Q3,Sewing,0.7,10440,58,0.750344828
1/21/2015,Q3,Sewing,0.7,10260,57,0.750068049
1/21/2015,Q3,Sewing,0.7,10260,57,0.700170388
1/21/2015,Q3,Sewing,0.65,10260,57,0.700029771
1/21/2015,Q3,Sewing,0.6,6360,34,
1/21/2015,Q3,Finishing,0.8,2400,8,0.594871795
1/21/2015,Q3,Sewing,0.8,4140,58,0.520237649
1/21/2015,Q3,Finishing,0.65,2400,8,0.505128205
1/21/2015,Q3,Sewing,0.5,10080,56,0.500241342
1/21/2015,Q3,Finishing,0.7,2700,9,0.470769231
1/22/2015,Q4,Finishing,0.6,6000,10,0.957638889
1/22/2015,Q4,Finishing,0.75,8400,14,0.940701058
1/22/2015,Q4,Sewing,0.75,10080,56,0.849983766
1/22/2015,Q4,Sewing,0.7,10620,57,0.800302791
1/22/2015,Q4,Sewing,0.8,6360,32,0.800191989
1/22/2015,Q4,Sewing,0.75,10080,56,0.800020563
1/22/2015,Q4,Sewing,0.7,12180,57,0.750162367
1/22/2015,Q4,Sewing,0.7,10260,57,0.750068049
1/22/2015,Q4,Finishing,0.7,9000,15,0.742901235
1/22/2015,Q4,Sewing,0.7,10440,58,0.700250784
1/22/2015,Q4,Sewing,0.7,10260,57,0.700170388
1/22/2015,Q4,Finishing,0.75,9000,15,0.670216049
1/22/2015,Q4,Finishing,0.7,15000,25,0.649662222
1/22/2015,Q4,Finishing,0.7,15000,25,0.649662222
1/22/2015,Q4,Finishing,0.8,4800,8,0.626822917
1/22/2015,Q4,Sewing,0.6,6960,34,0.600436426
1/22/2015,Q4,Sewing,0.6,10260,57,0.60041361
1/22/2015,Q4,Sewing,0.8,10770,56.5,0.555500132
1/22/2015,Q4,Sewing,0.5,10440,58,0.500547544
1/22/2015,Q4,Finishing,0.7,12000,20,0.460578704
1/22/2015,Q4,Finishing,0.8,4800,8,0.397743056
1/22/2015,Q4,Finishing,0.6,5400,9,0.327407407
1/24/2015,Q4,Finishing,0.7,2700,15,0.966666667
1/24/2015,Q4,Finishing,0.75,1800,10,0.937242424
1/24/2015,Q4,Finishing,0.8,1620,9,0.910521886
1/24/2015,Q4,Sewing,0.75,10260,57,0.90064806
1/24/2015,Q4,Sewing,0.75,10260,57,0.900321106
1/24/2015,Q4,Finishing,0.75,1800,10,0.896022727
1/24/2015,Q4,Finishing,0.75,1440,8,0.895454545
1/24/2015,Q4,Finishing,0.65,2160,12,0.870580808
1/24/2015,Q4,Finishing,0.7,1620,9,0.858585859
1/24/2015,Q4,Sewing,0.7,10260,57,0.800643806
1/24/2015,Q4,Sewing,0.75,10080,56,0.80062987
1/24/2015,Q4,Sewing,0.8,5640,32,0.800537143
1/24/2015,Q4,Sewing,0.75,10260,57,0.80035194
1/24/2015,Q4,Sewing,0.75,6120,34,0.750079323
1/24/2015,Q4,Sewing,0.75,10260,57,
1/24/2015,Q4,Sewing,0.7,10440,58,0.700250784
1/24/2015,Q4,Finishing,0.75,2160,12,0.651515152
1/24/2015,Q4,Sewing,0.65,10170,56.5,0.650416734
1/24/2015,Q4,Sewing,0.6,6660,58,0.600125217
1/24/2015,Q4,Finishing,0.75,1440,8,0.578314394
1/24/2015,Q4,Finishing,0.7,1440,8,0.578314394
1/24/2015,Q4,Sewing,0.35,9360,52,0.34998951
1/24/2015,Q4,Finishing,0.6,1440,8,0.261174242
1/25/2015,Q4,Finishing,0.7,3060,17,0.973796791
1/25/2015,Q4,Finishing,0.75,1440,8,0.970075758
1/25/2015,Q4,Finishing,0.7,1440,8,0.970075758
1/25/2015,Q4,Finishing,0.75,1620,9,0.961784512
1/25/2015,Q4,Finishing,0.75,3420,19,0.955151515
1/25/2015,Q4,Finishing,0.75,2160,12,0.952020202
1/25/2015,Q4,Sewing,0.75,10260,57,0.900321106
1/25/2015,Q4,Sewing,0.75,10530,58.5,0.850223776
1/25/2015,Q4,Sewing,0.7,10530,58.5,0.800909609
1/25/2015,Q4,Sewing,0.75,10350,57.5,0.800513307
1/25/2015,Q4,Sewing,0.8,5760,32,0.800386364
1/25/2015,Q4,Sewing,0.75,10080,56,0.800020563
1/25/2015,Q4,Finishing,0.65,2520,14,0.749188312
1/25/2015,Q4,Sewing,0.7,10170,56.5,0.7005417
1/25/2015,Q4,Sewing,0.7,6120,34,0.70043672
1/25/2015,Q4,Sewing,0.7,10440,58,
1/25/2015,Q4,Sewing,0.65,10440,58,0.650407524
1/25/2015,Q4,Finishing,0.7,1620,9,0.618181818
1/25/2015,Q4,Sewing,0.75,10260,57,0.59114168
1/25/2015,Q4,Sewing,0.5,720,52,0.500061916
1/25/2015,Q4,Finishing,0.8,720,4,0.329545455
1/26/2015,Q4,Finishing,0.75,1800,10,1.059621212
1/26/2015,Q4,Finishing,0.75,3780,21,0.997792208
1/26/2015,Q4,Finishing,0.75,2160,12,0.963699495
1/26/2015,Q4,Finishing,0.7,2700,15,0.959191919
1/26/2015,Q4,Finishing,0.75,1800,10,0.910378788
1/26/2015,Q4,Finishing,0.7,1800,10,0.910378788
1/26/2015,Q4,Sewing,0.8,10170,56.5,0.850312684
1/26/2015,Q4,Sewing,0.8,5760,32,0.800386364
1/26/2015,Q4,Sewing,0.75,10260,57,0.80035194
1/26/2015,Q4,Sewing,0.75,10260,57,0.800034024
1/26/2015,Q4,Sewing,0.7,10440,58,0.800023511
1/26/2015,Q4,Sewing,0.75,10080,56,0.800020563
1/26/2015,Q4,Finishing,0.7,1620,9,0.769292929
1/26/2015,Q4,Sewing,0.75,10320,58,0.750031447
1/26/2015,Q4,Sewing,0.7,10440,58,0.70061442
1/26/2015,Q4,Sewing,0.7,6120,34,0.70043672
1/26/2015,Q4,Finishing,0.65,1440,8,0.646306818
1/26/2015,Q4,Sewing,0.6,360,52,0.600143365
1/26/2015,Q4,Sewing,0.35,10260,57,0.350066986
1/27/2015,Q4,Sewing,0.75,6840,57,1.000230409
1/27/2015,Q4,Sewing,0.75,6840,57,1.000230409
1/27/2015,Q4,Finishing,0.8,1440,12,0.979527778
1/27/2015,Q4,Finishing,0.8,1440,12,0.940625
1/27/2015,Q4,Finishing,0.5,1440,12,0.926388889
1/27/2015,Q4,Sewing,0.8,6720,56,0.900129762
1/27/2015,Q4,Finishing,0.75,1440,12,0.861875
1/27/2015,Q4,Sewing,0.8,6780,56.5,0.850312684
1/27/2015,Q4,Finishing,0.65,960,8,0.845458333
1/27/2015,Q4,Finishing,0.7,1080,9,0.823555556
1/27/2015,Q4,Finishing,0.5,960,8,0.803541667
1/27/2015,Q4,Sewing,0.75,6960,58,
1/27/2015,Q4,Finishing,0.75,1200,10,0.788
1/27/2015,Q4,Finishing,0.75,1200,10,0.77815
1/27/2015,Q4,Sewing,0.7,6960,58,0.700386207
1/27/2015,Q4,Sewing,0.7,4080,34,0.700164706
1/27/2015,Q4,Sewing,0.65,240,52,0.650307143
1/27/2015,Q4,Sewing,0.8,3840,32,0.622828125
1/27/2015,Q4,Finishing,0.8,960,8,0.6225
1/27/2015,Q4,Sewing,0.5,6960,58,0.500035345
1/27/2015,Q4,Sewing,0.5,6480,54,0.37046657
1/28/2015,Q4,Sewing,0.8,6840,57,1.000230409
1/28/2015,Q4,Sewing,0.8,6840,57,1.000230409
1/28/2015,Q4,Finishing,0.35,1800,15,0.977555556
1/28/2015,Q4,Finishing,0.75,1200,10,0.9456
1/28/2015,Q4,Finishing,0.8,1800,15,0.902222222
1/28/2015,Q4,Sewing,0.8,6720,56,0.850532143
1/28/2015,Q4,Sewing,0.75,6960,58,0.850362069
1/28/2015,Q4,Finishing,0.8,1200,10,0.840533333
1/28/2015,Q4,Sewing,0.6,6960,58,0.800534483
1/28/2015,Q4,Sewing,0.8,6780,56.5,0.800489676
1/28/2015,Q4,Finishing,0.75,1080,9,0.755555556
1/28/2015,Q4,Sewing,0.7,6960,58,
1/28/2015,Q4,Sewing,0.75,3600,35,0.750283333
1/28/2015,Q4,Finishing,0.8,1440,12,0.722638889
1/28/2015,Q4,Finishing,0.65,960,8,0.553333333
1/28/2015,Q4,Sewing,0.5,5880,54,0.500567308
1/28/2015,Q4,Sewing,0.7,6240,52,0.467693269
1/28/2015,Q4,Sewing,0.35,1800,32,0.437995338
1/28/2015,Q4,Finishing,0.6,960,8,0.406354167
1/28/2015,Q4,Sewing,0.6,6600,55,0.285333333
1/28/2015,Q4,Finishing,0.5,960,8,0.259375
1/29/2015,Q5,Sewing,0.8,6840,57,1.000230409
1/29/2015,Q5,Finishing,0.8,1200,10,0.989
1/29/2015,Q5,Sewing,0.8,6840,57,0.950185965
1/29/2015,Q5,Sewing,0.8,6900,57.5,0.9008
1/29/2015,Q5,Sewing,0.8,6720,56,0.900129762
1/29/2015,Q5,Finishing,0.5,1200,10,0.899
1/29/2015,Q5,Finishing,0.65,960,8,0.877552083
1/29/2015,Q5,Finishing,0.6,960,8,0.864583333
1/29/2015,Q5,Finishing,0.8,1200,10,0.85695
1/29/2015,Q5,Finishing,0.75,1200,10,0.853666667
1/29/2015,Q5,Sewing,0.75,6960,58,0.850362069
1/29/2015,Q5,Sewing,0.7,6960,58,0.850170115
1/29/2015,Q5,Sewing,0.65,7080,59,0.800473729
1/29/2015,Q5,Finishing,0.8,1200,10,0.773333333
1/29/2015,Q5,Sewing,0.75,4200,35,0.750646667
1/29/2015,Q5,Finishing,0.75,1080,9,0.634666667
1/29/2015,Q5,Sewing,0.6,4320,51,0.60059761
1/29/2015,Q5,Sewing,0.5,3960,33,0.500117677
1/29/2015,Q5,Finishing,0.8,960,8,0.4925
1/29/2015,Q5,Sewing,0.65,6600,55,0.48792
1/31/2015,Q5,Sewing,0.8,6960,58,1.000457471
1/31/2015,Q5,Sewing,0.8,6840,57,1.000230409
1/31/2015,Q5,Finishing,0.8,1200,10,0.971866667
1/31/2015,Q5,Finishing,0.8,960,8,0.971866667
1/31/2015,Q5,Finishing,0.8,1200,10,0.971866667
1/31/2015,Q5,Finishing,0.8,1200,10,0.971866667
1/31/2015,Q5,Finishing,0.75,1800,15,0.971866667
1/31/2015,Q5,Finishing,0.75,240,2,
1/31/2015,Q5,Finishing,0.75,1080,9,0.971866667
1/31/2015,Q5,Finishing,0.7,240,2,0.971866667
1/31/2015,Q5,Finishing,0.7,1200,10,0.971866667
1/31/2015,Q5,Finishing,0.65,960,8,0.971866667
1/31/2015,Q5,Finishing,0.65,600,5,0.971866667
1/31/2015,Q5,Finishing,0.6,1200,10,0.971866667
1/31/2015,Q5,Sewing,0.8,6720,56,0.920236905
1/31/2015,Q5,Sewing,0.8,6660,57.5,0.900537069
1/31/2015,Q5,Sewing,0.75,6840,57,0.850610526
1/31/2015,Q5,Sewing,0.75,6960,58,0.850362069
1/31/2015,Q5,Sewing,0.75,4200,35,0.750646667
1/31/2015,Q5,Sewing,0.7,5880,59,0.656763743
1/31/2015,Q5,Sewing,0.65,6480,54,0.650148148
1/31/2015,Q5,Sewing,0.6,3960,33,0.600710606
1/31/2015,Q5,Sewing,0.7,6720,56,0.388830357
1/31/2015,Q5,Sewing,0.5,6480,54,0.286984568
1/2/2015,Q1,Finishing,0.65,960,8,1.0115625
1/2/2015,Q1,Sewing,0.8,6900,57.5,1.000671304
1/2/2015,Q1,Sewing,0.8,3060,58.5,1.000402055
1/2/2015,Q1,Finishing,0.75,2280,19,0.950438596
1/2/2015,Q1,Sewing,0.8,6840,57,0.950185965
1/2/2015,Q1,Finishing,0.8,1200,10,0.912766667
1/2/2015,Q1,Finishing,0.7,2160,18,0.892194444
1/2/2015,Q1,Finishing,0.8,1200,10,0.8865
1/2/2015,Q1,Sewing,0.8,6720,56,
1/2/2015,Q1,Sewing,0.8,7020,58.5,0.85011396
1/2/2015,Q1,Finishing,0.8,1440,12,0.845069444
1/2/2015,Q1,Sewing,0.75,6960,58,0.750593103
1/2/2015,Q1,Sewing,0.75,1440,35,0.750450658
1/2/2015,Q1,Finishing,0.75,1080,9,0.702666667
1/2/2015,Q1,Sewing,0.7,6120,54,0.700508929
1/2/2015,Q1,Sewing,0.65,3960,33,0.651007071
1/2/2015,Q1,Sewing,0.6,6600,55,0.466821212
1/2/2015,Q1,Sewing,0.7,6720,56,0.411553571
1/2/2015,Q1,Finishing,0.6,1200,10,0.314166667
2/2/2015,Q1,Sewing,0.8,7020,58.5,1.000602279
2/2/2015,Q1,Finishing,0.75,960,8,0.994270833
2/2/2015,Q1,Sewing,0.8,7020,58.5,0.900158405
2/2/2015,Q1,Sewing,0.8,6840,57,0.90014152
2/2/2015,Q1,Sewing,0.8,6720,56,0.900129762
2/2/2015,Q1,Finishing,0.8,1200,10,0.85695
2/2/2015,Q1,Finishing,0.8,1440,12,0.809236111
2/2/2015,Q1,Sewing,0.8,3600,35,0.800401961
2/2/2015,Q1,Sewing,0.8,5940,56.5,0.800393224
2/2/2015,Q1,Sewing,0.75,6960,58,0.799963218
2/2/2015,Q1,Finishing,0.75,1080,9,0.740444444
2/2/2015,Q1,Sewing,0.7,6480,54,0.700398148
2/2/2015,Q1,Sewing,0.7,3960,33,0.700354545
2/2/2015,Q1,Finishing,0.65,960,8,0.561979167
2/2/2015,Q1,Finishing,0.75,2280,19,0.504596491
2/2/2015,Q1,Sewing,0.5,6960,58,0.500801724
2/2/2015,Q1,Sewing,0.7,6720,56,0.295307738
2/2/2015,Q1,Finishing,0.6,1200,10,0.280333333
2/2/2015,Q1,Sewing,0.65,6600,55,0.260978788
3/2/2015,Q1,Finishing,0.8,2400,20,1.001416667
3/2/2015,Q1,Sewing,0.8,6900,57.5,1.000018551
3/2/2015,Q1,Sewing,0.8,6720,56,0.999995238
3/2/2015,Q1,Finishing,0.8,1200,10,
3/2/2015,Q1,Finishing,0.7,960,8,0.976979167
3/2/2015,Q1,Sewing,0.8,6840,57,0.950185965
3/2/2015,Q1,Sewing,0.8,6960,58,0.949981609
3/2/2015,Q1,Finishing,0.75,1320,11,0.919954545
3/2/2015,Q1,Sewing,0.8,5460,56.5,0.800434622
3/2/2015,Q1,Sewing,0.8,2040,35,0.800259023
3/2/2015,Q1,Finishing,0.8,1080,9,0.778222222
3/2/2015,Q1,Sewing,0.75,6960,58,0.750593103
3/2/2015,Q1,Sewing,0.7,5760,54,0.700513566
3/2/2015,Q1,Sewing,0.7,4020,33.5,0.700184577
3/2/2015,Q1,Sewing,0.7,6660,55.5,0.586465465
3/2/2015,Q1,Sewing,0.7,6720,56,0.541517857
3/2/2015,Q1,Finishing,0.8,1440,12,0.5375
3/2/2015,Q1,Finishing,0.7,960,8,0.495416667
3/2/2015,Q1,Sewing,0.6,6960,58,0.415172414
4/2/2015,Q1,Sewing,0.8,6900,57.5,1.05028058
4/2/2015,Q1,Sewing,0.8,6840,57,1.000230409
4/2/2015,Q1,Sewing,0.8,6720,56,0.999995238
4/2/2015,Q1,Finishing,0.8,2160,18,0.966759259
4/2/2015,Q1,Finishing,0.8,1200,10,0.929183333
4/2/2015,Q1,Finishing,0.7,3000,25,0.915766667
4/2/2015,Q1,Sewing,0.8,6900,57.5,0.900147246
4/2/2015,Q1,Sewing,0.8,4080,34,0.800401961
4/2/2015,Q1,Sewing,0.8,6960,58,0.799963218
4/2/2015,Q1,Finishing,0.7,960,8,0.779791667
4/2/2015,Q1,Finishing,0.75,960,8,0.755166667
4/2/2015,Q1,Sewing,0.7,3360,33,0.700710417
4/2/2015,Q1,Sewing,0.7,6960,58,0.700612069
4/2/2015,Q1,Sewing,0.7,6120,53,0.700278846
4/2/2015,Q1,Sewing,0.7,6840,57,0.700135088
4/2/2015,Q1,Finishing,0.8,1080,9,0.687555556
4/2/2015,Q1,Sewing,0.65,5820,58.5,0.650834808
4/2/2015,Q1,Finishing,0.7,960,8,0.531666667
4/2/2015,Q1,Sewing,0.35,6060,55.5,0.350706422
5/2/2015,Q1,Sewing,0.8,6780,56.5,1.000446018
5/2/2015,Q1,Sewing,0.8,6900,57.5,1.000018551
5/2/2015,Q1,Sewing,0.8,6720,56,0.999995238
5/2/2015,Q1,Finishing,0.8,2640,22,0.999924242
5/2/2015,Q1,Sewing,0.8,6840,57,0.950185965
5/2/2015,Q1,Finishing,0.7,960,8,0.9425
5/2/2015,Q1,Finishing,0.8,1080,9,0.906666667
5/2/2015,Q1,Finishing,0.7,1200,10,0.8471
5/2/2015,Q1,Finishing,0.8,1440,12,0.845458333
5/2/2015,Q1,Sewing,0.8,720,34,0.800612676
5/2/2015,Q1,Sewing,0.8,6960,58,0.799963218
5/2/2015,Q1,Finishing,0.8,960,8,0.771583333
5/2/2015,Q1,Sewing,0.75,2520,26,0.7504
5/2/2015,Q1,Sewing,0.7,2760,33,0.700079032
5/2/2015,Q1,Sewing,0.7,6960,58,0.562212644
5/2/2015,Q1,Sewing,0.07,6960,58,0.522844828
5/2/2015,Q1,Sewing,0.5,6360,53,0.500720126
5/2/2015,Q1,Sewing,0.7,6840,57,0.496549708
7/2/2015,Q1,Finishing,0.8,3000,25,1.050666667
7/2/2015,Q1,Sewing,0.8,6900,58,1.000018551
7/2/2015,Q1,Sewing,0.8,6840,57,0.950185965
7/2/2015,Q1,Sewing,0.8,6780,57,0.900135693
7/2/2015,Q1,Sewing,0.8,6720,56,
7/2/2015,Q1,Finishing,0.8,1080,9,0.899111111
7/2/2015,Q1,Finishing,0.8,1200,10,0.870083333
7/2/2015,Q1,Finishing,0.75,960,8,0.845833333
7/2/2015,Q1,Sewing,0.8,4080,34,0.800401961
7/2/2015,Q1,Sewing,0.8,6960,58,0.799963218
7/2/2015,Q1,Finishing,0.8,960,8,0.771583333
7/2/2015,Q1,Sewing,0.75,1560,33,0.750520115
7/2/2015,Q1,Sewing,0.75,3240,27,0.750027778
7/2/2015,Q1,Finishing,0.7,1200,10,0.715766667
7/2/2015,Q1,Sewing,0.7,6960,58,0.662270115
7/2/2015,Q1,Sewing,0.6,6780,57,0.600224189
7/2/2015,Q1,Sewing,0.7,7500,59,0.545657673
7/2/2015,Q1,Finishing,0.8,960,8,0.447916667
7/2/2015,Q1,Sewing,0.7,6840,57,0.365318713
8/2/2015,Q2,Sewing,0.8,6900,57.5,1.000018551
8/2/2015,Q2,Finishing,0.7,1440,12,0.928680556
8/2/2015,Q2,Sewing,0.8,6720,56,0.9008
8/2/2015,Q2,Sewing,0.8,6780,56.5,0.900135693
8/2/2015,Q2,Sewing,0.8,6720,56,0.900129762
8/2/2015,Q2,Finishing,0.8,1200,10,0.893066667
8/2/2015,Q2,Finishing,0.8,1080,9,0.891555556
8/2/2015,Q2,Finishing,0.8,2160,18,0.875555556
8/2/2015,Q2,Finishing,0.7,1800,15,0.840888889
8/2/2015,Q2,Sewing,0.8,2880,34,0.800355208
8/2/2015,Q2,Sewing,0.8,6960,58,0.799963218
8/2/2015,Q2,Sewing,0.75,3960,33,0.75065101
8/2/2015,Q2,Sewing,0.75,3240,27,0.750027778
8/2/2015,Q2,Sewing,0.7,7020,58.5,0.700618234
8/2/2015,Q2,Finishing,0.75,960,8,0.610208333
8/2/2015,Q2,Finishing,0.8,960,8,0.607416667
8/2/2015,Q2,Sewing,0.65,6780,56.5,0.568259587
8/2/2015,Q2,Sewing,0.7,6960,58,0.355534483
8/2/2015,Q2,Sewing,0.7,6840,57,0.353259649
9/2/2015,Q2,Finishing,0.8,2160,18,1.057962963
9/2/2015,Q2,Finishing,0.8,1200,10,0.962016667
9/2/2015,Q2,Sewing,0.8,120,56,0.9008
9/2/2015,Q2,Sewing,0.8,3600,57,0.900509044
9/2/2015,Q2,Sewing,0.8,360,57,0.900477825
9/2/2015,Q2,Finishing,0.75,960,8,0.888125
9/2/2015,Q2,Sewing,0.8,4080,34,0.800401961
9/2/2015,Q2,Sewing,0.8,5400,57,0.800161172
9/2/2015,Q2,Sewing,0.8,6960,58,0.799963218
9/2/2015,Q2,Sewing,0.7,3300,57,0.790003236
9/2/2015,Q2,Sewing,0.75,0,54,0.750648148
9/2/2015,Q2,Finishing,0.35,1800,15,0.707111111
9/2/2015,Q2,Sewing,0.7,7020,58,0.700618234
9/2/2015,Q2,Finishing,0.8,960,8,0.697708333
9/2/2015,Q2,Sewing,0.75,4080,34,0.612517157
9/2/2015,Q2,Sewing,0.35,6960,58,0.350301724
9/2/2015,Q2,Sewing,0.35,6960,58,0.350301724
9/2/2015,Q2,Finishing,0.8,1080,9,0.272
10/2/2015,Q2,Finishing,0.8,1080,9,1.004888889
10/2/2015,Q2,Finishing,0.8,2160,18,0.966759259
10/2/2015,Q2,Sewing,0.8,0,56,0.90063244
10/2/2015,Q2,Sewing,0.8,0,57,0.90047076
10/2/2015,Q2,Sewing,0.8,0,57,0.90047076
10/2/2015,Q2,Sewing,0.8,0,57,0.899984058
10/2/2015,Q2,Finishing,0.8,1440,12,
10/2/2015,Q2,Sewing,0.8,2160,58,0.8008
10/2/2015,Q2,Sewing,0.8,4080,34,0.800401961
10/2/2015,Q2,Finishing,0.7,1800,15,0.796755556
10/2/2015,Q2,Sewing,0.75,2400,34,0.750797009
10/2/2015,Q2,Sewing,0.8,3240,54,0.750648148
10/2/2015,Q2,Sewing,0.75,7020,58,0.750356125
10/2/2015,Q2,Finishing,0.35,960,8,0.703770833
10/2/2015,Q2,Sewing,0.7,7020,58,0.700618234
10/2/2015,Q2,Finishing,0.8,960,8,0.6895
10/2/2015,Q2,Finishing,0.75,960,8,0.628333333
10/2/2015,Q2,Sewing,0.5,6960,58,0.500801724
10/2/2015,Q2,Sewing,0.5,6960,58,0.393548851
11/2/2015,Q2,Finishing,0.7,1800,15,1.033155556
11/2/2015,Q2,Finishing,0.8,1080,9,1.02
11/2/2015,Q2,Sewing,0.8,0,57.5,1.000344928
11/2/2015,Q2,Sewing,0.8,0,57,1.000065789
11/2/2015,Q2,Finishing,0.35,1440,12,0.994375
11/2/2015,Q2,Finishing,0.8,2160,18,0.912037037
11/2/2015,Q2,Finishing,0.7,240,2,0.87
11/2/2015,Q2,Sewing,0.8,0,56,0.850364583
11/2/2015,Q2,Sewing,0.8,3480,34,0.800947475
11/2/2015,Q2,Sewing,0.8,4080,34,0.800401961
11/2/2015,Q2,Sewing,0.8,3240,58,0.800144144
11/2/2015,Q2,Sewing,0.75,7380,59.5,0.750406233
11/2/2015,Q2,Sewing,0.6,4560,58,0.714410494
11/2/2015,Q2,Sewing,0.7,5940,59.5,0.700588406
11/2/2015,Q2,Finishing,0.8,1440,12,0.618361111
11/2/2015,Q2,Sewing,0.6,3360,58,0.600070513
11/2/2015,Q2,Finishing,0.8,960,8,0.54175
11/2/2015,Q2,Sewing,0.8,6840,57,0.536901754
11/2/2015,Q2,Sewing,0.35,3240,52,0.507903226
12/2/2015,Q2,Sewing,0.8,0,57,1.100483918
12/2/2015,Q2,Finishing,0.7,1800,15,1.096633333
12/2/2015,Q2,Sewing,0.8,0,57.5,1.000344928
12/2/2015,Q2,Finishing,0.8,1080,9,0.838666667
12/2/2015,Q2,Sewing,0.8,4080,34,0.800401961
12/2/2015,Q2,Finishing,0.35,1440,12,0.755486111
12/2/2015,Q2,Sewing,0.75,7080,59,0.750799435
12/2/2015,Q2,Sewing,0.8,3960,33,0.688017677
12/2/2015,Q2,Finishing,0.8,1440,12,0.664875
12/2/2015,Q2,Finishing,0.8,960,8,0.656666667
12/2/2015,Q2,Sewing,0.7,7080,59,0.637711864
12/2/2015,Q2,Finishing,0.8,2160,18,0.601944444
12/2/2015,Q2,Finishing,0.7,240,2,0.58
12/2/2015,Q2,Sewing,0.65,7080,59,0.535677966
12/2/2015,Q2,Sewing,0.5,2280,55,0.50012336
12/2/2015,Q2,Sewing,0.8,6960,58,0.497885057
12/2/2015,Q2,Sewing,0.65,7080,59,0.463403955
12/2/2015,Q2,Sewing,0.8,6000,50,
12/2/2015,Q2,Sewing,0.35,6960,58,0.350301724
2/14/2015,Q2,Sewing,0.8,6840,57,1.000230409
2/14/2015,Q2,Finishing,0.7,1800,15,0.929277778
2/14/2015,Q2,Finishing,0.75,2400,20,0.902916667
2/14/2015,Q2,Finishing,0.8,1080,9,0.800888889
2/14/2015,Q2,Sewing,0.8,4080,34,0.800401961
2/14/2015,Q2,Sewing,0.8,3660,57,0.80037492
2/14/2015,Q2,Finishing,0.8,1440,12,0.796208333
2/14/2015,Q2,Sewing,0.75,7140,59,0.750392157
2/14/2015,Q2,Sewing,0.75,7140,59,0.750392157
2/14/2015,Q2,Finishing,0.7,960,8,0.725625
2/14/2015,Q2,Sewing,0.7,5160,60,0.700206125
2/14/2015,Q2,Sewing,0.7,7200,60,0.602
2/14/2015,Q2,Sewing,0.6,2280,55,0.600447507
2/14/2015,Q2,Sewing,0.8,4080,34,0.557252451
2/14/2015,Q2,Sewing,0.5,6960,58,0.500801724
2/14/2015,Q2,Finishing,0.8,960,8,0.483333333
2/14/2015,Q2,Finishing,0.8,960,8,0.238041667
2/15/2015,Q3,Finishing,0.8,960,8,1.1204375
2/15/2015,Q3,Finishing,0.8,960,8,1.108125
2/15/2015,Q3,Sewing,0.8,6840,57,1.000230409
2/15/2015,Q3,Finishing,0.8,1080,9,0.876444444
2/15/2015,Q3,Sewing,0.8,1440,34,0.800806306
2/15/2015,Q3,Finishing,0.75,240,2,0.760833333
2/15/2015,Q3,Sewing,0.8,7140,59.5,0.722568627
2/15/2015,Q3,Finishing,0.6,1200,10,0.715333333
2/15/2015,Q3,Sewing,0.7,7080,59,
2/15/2015,Q3,Sewing,0.7,5880,59,0.700573099
2/15/2015,Q3,Sewing,0.75,4080,34,0.681598039
2/15/2015,Q3,Sewing,0.65,2640,53,0.650223718
2/15/2015,Q3,Finishing,0.7,960,8,0.605208333
2/15/2015,Q3,Finishing,0.8,960,8,0.604166667
2/15/2015,Q3,Sewing,0.75,7140,59.5,0.598627451
2/15/2015,Q3,Sewing,0.6,6960,58,0.475718391
2/15/2015,Q3,Sewing,0.8,6900,57.5,0.432122899
2/15/2015,Q3,Finishing,0.75,2400,20,0.287041667
2/15/2015,Q3,Sewing,0.5,5280,54,0.283054487
2/16/2015,Q3,Sewing,0.8,6840,57,1.000230409
2/16/2015,Q3,Finishing,0.8,1200,10,0.960433333
2/16/2015,Q3,Finishing,0.8,1080,9,0.891555556
2/16/2015,Q3,Finishing,0.5,960,8,0.864583333
2/16/2015,Q3,Sewing,0.65,600,58,0.802243319
2/16/2015,Q3,Sewing,0.8,0,59,0.800980392
2/16/2015,Q3,Sewing,0.8,3720,34,0.800312375
2/16/2015,Q3,Finishing,0.8,960,8,0.773333333
2/16/2015,Q3,Sewing,0.75,3960,33,0.75065101
2/16/2015,Q3,Sewing,0.75,7020,58,0.750356125
2/16/2015,Q3,Finishing,0.75,1800,15,0.722333333
2/16/2015,Q3,Sewing,0.7,600,59,0.700459889
2/16/2015,Q3,Finishing,0.75,1200,10,0.629416667
2/16/2015,Q3,Sewing,0.7,7080,59,0.621971751
2/16/2015,Q3,Sewing,0.7,2160,54,0.565972222
2/16/2015,Q3,Sewing,0.6,5280,44,0.35542803
2/16/2015,Q3,Sewing,0.6,5400,54,0.329964879
2/16/2015,Q3,Finishing,0.7,1800,15,0.258
2/17/2015,Q3,Sewing,0.8,6840,57,1.000230409
2/17/2015,Q3,Finishing,0.8,960,8,0.927541667
2/17/2015,Q3,Finishing,0.7,1200,10,0.91375
2/17/2015,Q3,Finishing,0.8,1080,9,0.9025
2/17/2015,Q3,Sewing,0.8,4080,34,0.800401961
2/17/2015,Q3,Finishing,0.5,1800,15,0.7866
2/17/2015,Q3,Sewing,0.75,3360,33,0.750621354
2/17/2015,Q3,Sewing,0.75,7020,58,0.750356125
2/17/2015,Q3,Finishing,0.8,960,8,0.749166667
2/17/2015,Q3,Sewing,0.7,840,59,0.700888203
2/17/2015,Q3,Sewing,0.7,3420,56,0.700614035
2/17/2015,Q3,Sewing,0.7,6960,58,0.700603448
2/17/2015,Q3,Finishing,0.75,960,8,0.656666667
2/17/2015,Q3,Sewing,0.8,7140,59,0.653431373
2/17/2015,Q3,Sewing,0.65,5520,51,0.650134
2/17/2015,Q3,Sewing,0.6,0,58,0.600982906
2/17/2015,Q3,Finishing,0.8,960,8,0.586041667
2/17/2015,Q3,Finishing,0.8,1800,15,0.5814
2/17/2015,Q3,Sewing,0.5,6720,56,
2/17/2015,Q3,Sewing,0.65,0,49,0.302117347
2/18/2015,Q3,Finishing,0.8,1200,10,0.9918
2/18/2015,Q3,Finishing,0.8,1440,12,0.936861111
2/18/2015,Q3,Finishing,0.8,1440,12,0.919125
2/18/2015,Q3,Sewing,0.7,3360,56,0.8211125
2/18/2015,Q3,Sewing,0.8,480,58,0.800980392
2/18/2015,Q3,Sewing,0.8,0,59,0.800980392
2/18/2015,Q3,Sewing,0.8,4080,34,0.800401961
2/18/2015,Q3,Sewing,0.8,3960,57,0.800279693
2/18/2015,Q3,Sewing,0.75,3960,33,0.75065101
2/18/2015,Q3,Sewing,0.75,2280,59,0.75053268
2/18/2015,Q3,Finishing,0.75,960,8,0.734645833
2/18/2015,Q3,Sewing,0.7,0,58,0.700603448
2/18/2015,Q3,Sewing,0.7,4560,51,0.70009573
2/18/2015,Q3,Finishing,0.7,960,8,0.671875
2/18/2015,Q3,Finishing,0.8,960,8,0.64025
2/18/2015,Q3,Finishing,0.7,960,8,0.58
2/18/2015,Q3,Finishing,0.8,960,8,0.549791667
2/18/2015,Q3,Sewing,0.6,6840,57,0.328131579
2/18/2015,Q3,Sewing,0.7,5640,47,0.303574468
2/18/2015,Q3,Finishing,0.5,960,8,0.2565
2/18/2015,Q3,Sewing,0.65,4560,57,0.251399254
2/19/2015,Q3,Finishing,0.5,2880,12,0.81640625
2/19/2015,Q3,Sewing,0.8,1080,34,0.800711494
2/19/2015,Q3,Sewing,0.8,3840,57,0.800470513
2/19/2015,Q3,Sewing,0.8,7020,58.5,0.800094017
2/19/2015,Q3,Sewing,0.8,600,59.5,0.799982853
2/19/2015,Q3,Finishing,0.8,4320,18,0.785864198
2/19/2015,Q3,Sewing,0.75,3960,33,0.75065101
2/19/2015,Q3,Finishing,0.8,2400,10,0.733277778
2/19/2015,Q3,Finishing,0.8,3600,15,0.710125
2/19/2015,Q3,Sewing,0.7,6960,58,0.700603448
2/19/2015,Q3,Sewing,0.7,3480,58,0.700540441
2/19/2015,Q3,Sewing,0.7,6240,57,0.7
2/19/2015,Q3,Finishing,0.75,1920,8,0.684027778
2/19/2015,Q3,Finishing,0.7,1920,8,0.672135417
2/19/2015,Q3,Sewing,0.7,6120,51,0.638614379
2/19/2015,Q3,Finishing,0.75,1920,8,0.631354167
2/19/2015,Q3,Sewing,0.75,0,59,0.611140537
2/19/2015,Q3,Finishing,0.8,2160,9,0.609583333
2/19/2015,Q3,Sewing,0.65,6840,57,0.585315789
2/19/2015,Q3,Sewing,0.7,5760,48,0.249416667
2/22/2015,Q4,Finishing,0.5,1800,15,0.8721
2/22/2015,Q4,Finishing,0.8,960,8,0.8319375
2/22/2015,Q4,Finishing,0.8,4800,20,0.8300625
2/22/2015,Q4,Finishing,0.6,2880,12,0.805555556
2/22/2015,Q4,Sewing,0.8,4080,34,0.800401961
2/22/2015,Q4,Sewing,0.8,5820,59,0.80000295
2/22/2015,Q4,Finishing,0.8,2400,10,0.78375
2/22/2015,Q4,Finishing,0.8,2400,10,0.753525
2/22/2015,Q4,Sewing,0.75,3960,33,0.75065101
2/22/2015,Q4,Finishing,0.8,2880,12,0.727349537
2/22/2015,Q4,Sewing,0.7,6840,57,0.700614035
2/22/2015,Q4,Sewing,0.7,6840,57,0.700605263
2/22/2015,Q4,Sewing,0.75,3480,58,0.672140805
2/22/2015,Q4,Sewing,0.7,3240,57,0.627011183
2/22/2015,Q4,Sewing,0.7,8160,58,0.626577778
2/22/2015,Q4,Sewing,0.7,6000,50,0.456875
2/22/2015,Q4,Sewing,0.75,6960,58,0.393548851
2/22/2015,Q4,Finishing,0.8,960,8,0.385791667
2/22/2015,Q4,Sewing,0.8,5700,60,0.307501459
2/22/2015,Q4,Finishing,0.7,960,8,0.283958333
2/23/2015,Q4,Finishing,0.8,2400,20,0.955791667
2/23/2015,Q4,Finishing,0.7,960,8,0.930416667
2/23/2015,Q4,Finishing,0.8,1080,9,0.9025
2/23/2015,Q4,Finishing,0.8,2160,18,0.87115
2/23/2015,Q4,Sewing,0.8,4080,34,0.800401961
2/23/2015,Q4,Sewing,0.8,7140,59,0.800137255
2/23/2015,Q4,Sewing,0.8,7140,59,0.800137255
2/23/2015,Q4,Sewing,0.75,6960,58,0.750770115
2/23/2015,Q4,Sewing,0.75,3960,33,0.75065101
2/23/2015,Q4,Sewing,0.75,2820,58,0.750293939
2/23/2015,Q4,Sewing,0.7,2160,58,0.700623
2/23/2015,Q4,Sewing,0.7,6840,57,0.700614035
2/23/2015,Q4,Sewing,0.7,6960,58,0.700362069
2/23/2015,Q4,Sewing,0.7,6000,50,0.60128
2/23/2015,Q4,Sewing,0.7,6000,50,0.417916667
2/23/2015,Q4,Finishing,0.8,960,8,0.3715625
2/23/2015,Q4,Finishing,0.8,960,8,0.3715625
2/23/2015,Q4,Finishing,0.8,960,8,0.36871875
2/23/2015,Q4,Finishing,0.7,960,8,0.356458333
2/24/2015,Q4,Finishing,0.7,1800,15,0.902222222
2/24/2015,Q4,Finishing,0.8,1440,12,0.811388889
2/24/2015,Q4,Sewing,0.8,4080,34,0.800401961
2/24/2015,Q4,Sewing,0.8,7140,60,0.800137255
2/24/2015,Q4,Sewing,0.8,6480,59,
2/24/2015,Q4,Finishing,0.7,960,8,0.791458333
2/24/2015,Q4,Sewing,0.75,5640,59,0.750727326
2/24/2015,Q4,Sewing,0.75,3360,33,0.75065101
2/24/2015,Q4,Sewing,0.75,3360,57,0.750437269
2/24/2015,Q4,Sewing,0.75,5340,60,0.750176991
2/24/2015,Q4,Finishing,0.75,1800,15,0.726933333
2/24/2015,Q4,Finishing,0.7,1800,15,0.726933333
2/24/2015,Q4,Sewing,0.7,1680,59,0.700623
2/24/2015,Q4,Sewing,0.7,4560,58,0.700518519
2/24/2015,Q4,Sewing,0.7,3000,52,0.700256795
2/24/2015,Q4,Finishing,0.7,960,8,0.5046875
2/24/2015,Q4,Sewing,0.7,6360,53,0.471108491
2/24/2015,Q4,Finishing,0.7,960,8,0.325
2/24/2015,Q4,Sewing,0.6,5040,42,0.268214286
2/25/2015,Q4,Sewing,0.75,6240,52,0.970816667
2/25/2015,Q4,Finishing,0.8,1080,9,
2/25/2015,Q4,Finishing,0.8,2400,20,0.900833333
2/25/2015,Q4,Finishing,0.8,1800,15,0.899555556
2/25/2015,Q4,Finishing,0.7,1200,10,0.845833333
2/25/2015,Q4,Sewing,0.8,4080,59,0.800808642
2/25/2015,Q4,Sewing,0.8,4080,34,0.800401961
2/25/2015,Q4,Sewing,0.8,7080,59,0.800115819
2/25/2015,Q4,Sewing,0.75,3960,33,0.75065101
2/25/2015,Q4,Sewing,0.75,3360,57,
2/25/2015,Q4,Sewing,0.75,6960,58,0.750206897
2/25/2015,Q4,Sewing,0.7,6960,58,0.700362069
2/25/2015,Q4,Sewing,0.7,3960,58,0.700069811
2/25/2015,Q4,Sewing,0.7,6240,52,0.700058333
2/25/2015,Q4,Finishing,0.75,960,8,0.676666667
2/25/2015,Q4,Finishing,0.7,960,8,0.658541667
2/25/2015,Q4,Sewing,0.8,1200,59,0.598792339
2/25/2015,Q4,Sewing,0.65,5040,42,0.581130952
2/25/2015,Q4,Finishing,0.7,960,8,0.440375
2/25/2015,Q4,Finishing,0.75,960,8,0.410833333
2/25/2015,Q4,Finishing,0.7,960,8,0.410833333
2/26/2015,Q4,Finishing,0.8,6300,15,0.921703704
2/26/2015,Q4,Finishing,0.8,7560,18,0.921604938
2/26/2015,Q4,Sewing,0.8,4080,59,0.800808642
2/26/2015,Q4,Sewing,0.8,2820,57,0.800516667
2/26/2015,Q4,Sewing,0.8,4080,34,0.800401961
2/26/2015,Q4,Finishing,0.5,3360,8,0.768847222
2/26/2015,Q4,Sewing,0.75,3960,33,0.75065101
2/26/2015,Q4,Sewing,0.75,6840,57,0.750473684
2/26/2015,Q4,Sewing,0.75,5640,52,0.750371895
2/26/2015,Q4,Sewing,0.75,6960,58,0.750206897
2/26/2015,Q4,Sewing,0.7,3240,52,0.700251773
2/26/2015,Q4,Sewing,0.7,6960,58,0.66237931
2/26/2015,Q4,Finishing,0.8,3780,9,0.590617284
2/26/2015,Q4,Finishing,0.7,960,8,0.5565625
2/26/2015,Q4,Sewing,0.8,7080,59,0.495617514
2/26/2015,Q4,Sewing,0.35,6840,57,0.449964912
2/26/2015,Q4,Finishing,0.7,3360,8,0.410833333
2/26/2015,Q4,Finishing,0.75,960,8,0.4078125
2/26/2015,Q4,Sewing,0.35,6600,55,0.378895152
2/26/2015,Q4,Finishing,0.75,3360,8,0.376597222
2/26/2015,Q4,Finishing,0.75,3360,8,0.271875
2/28/2015,Q4,Finishing,0.8,6300,15,0.921703704
2/28/2015,Q4,Finishing,0.8,7560,18,0.921604938
2/28/2015,Q4,Sewing,0.8,0,58,0.800779018
2/28/2015,Q4,Sewing,0.8,1700,34,0.800260821
2/28/2015,Q4,Sewing,0.8,840,59,0.799982853
2/28/2015,Q4,Finishing,0.5,3360,8,0.768847222
2/28/2015,Q4,Sewing,0.75,4440,57,0.750716981
2/28/2015,Q4,Sewing,0.75,3960,33,0.75065101
2/28/2015,Q4,Sewing,0.75,4560,58,0.750425926
2/28/2015,Q4,Sewing,0.75,6240,52,0.750395513
2/28/2015,Q4,Sewing,0.7,6120,51,0.700236601
2/28/2015,Q4,Sewing,0.7,4560,58,0.700211111
2/28/2015,Q4,Finishing,0.8,3780,9,0.590617284
2/28/2015,Q4,Finishing,0.7,960,8,0.5565625
2/28/2015,Q4,Sewing,0.5,6840,57,0.550403509
2/28/2015,Q4,Sewing,0.5,6840,57,0.550349708
2/28/2015,Q4,Sewing,0.5,6960,58,0.500258046
2/28/2015,Q4,Finishing,0.7,3360,8,0.410833333
2/28/2015,Q4,Finishing,0.75,960,8,0.4078125
2/28/2015,Q4,Finishing,0.75,3360,8,0.376597222
2/28/2015,Q4,Finishing,0.75,3360,8,0.271875
1/3/2015,Q1,Finishing,0.8,10500,25,0.936355556
1/3/2015,Q1,Finishing,0.75,3360,8,0.813611111
1/3/2015,Q1,Sewing,0.8,4080,34,0.800401961
1/3/2015,Q1,Sewing,0.75,6240,57,0.75075
1/3/2015,Q1,Sewing,0.75,3960,33,0.75065101
1/3/2015,Q1,Sewing,0.75,6840,57,0.750473684
1/3/2015,Q1,Sewing,0.75,6240,52,0.750395513
1/3/2015,Q1,Sewing,0.6,6720,56,0.707446429
1/3/2015,Q1,Sewing,0.7,5640,52,
1/3/2015,Q1,Sewing,0.6,6840,57,0.700019883
1/3/2015,Q1,Sewing,0.7,1800,58,0.683550607
1/3/2015,Q1,Sewing,0.8,0,57,0.682433036
1/3/2015,Q1,Finishing,0.6,960,8,0.673083333
1/3/2015,Q1,Finishing,0.7,3360,8,0.664583333
1/3/2015,Q1,Sewing,0.6,6840,57,0.600239766
1/3/2015,Q1,Finishing,0.7,960,8,0.585
1/3/2015,Q1,Sewing,0.8,6960,58,0.579511494
1/3/2015,Q1,Finishing,0.6,3360,8,0.448722222
1/3/2015,Q1,Finishing,0.75,960,8,0.447083333
1/3/2015,Q1,Finishing,0.8,3360,8,0.350416667
2/3/2015,Q1,Finishing,0.7,1200,10,0.92885
2/3/2015,Q1,Finishing,0.8,10080,24,0.86037037
2/3/2015,Q1,Finishing,0.65,960,8,0.806879167
2/3/2015,Q1,Sewing,0.65,6840,57,0.800579532
2/3/2015,Q1,Sewing,0.8,4080,34,0.800401961
2/3/2015,Q1,Finishing,0.75,1200,10,0.8004
2/3/2015,Q1,Sewing,0.8,0,57,0.800309211
2/3/2015,Q1,Sewing,0.8,4680,57,0.800149813
2/3/2015,Q1,Sewing,0.8,7080,59,0.800115819
2/3/2015,Q1,Finishing,0.75,3360,8,0.773333333
2/3/2015,Q1,Sewing,0.75,2880,33,0.750797009
2/3/2015,Q1,Sewing,0.75,6840,57,0.750473684
2/3/2015,Q1,Sewing,0.75,6240,52,0.750395513
2/3/2015,Q1,Sewing,0.65,6780,57,0.750254867
2/3/2015,Q1,Sewing,0.65,6720,56,0.700903571
2/3/2015,Q1,Sewing,0.7,3600,51,0.70013604
2/3/2015,Q1,Finishing,0.7,3360,8,0.632361111
2/3/2015,Q1,Finishing,0.8,3780,9,0.607654321
2/3/2015,Q1,Finishing,0.65,3360,8,0.537919444
2/3/2015,Q1,Finishing,0.8,3360,8,0.342361111
3/3/2015,Q1,Finishing,0.8,4200,10,0.999533333
3/3/2015,Q1,Finishing,0.8,6300,15,0.902962963
3/3/2015,Q1,Sewing,0.8,0,56,0.800701754
3/3/2015,Q1,Sewing,0.7,6960,58,0.800566092
3/3/2015,Q1,Sewing,0.8,4080,34,0.800401961
3/3/2015,Q1,Sewing,0.8,6840,57,0.800333333
3/3/2015,Q1,Sewing,0.8,7080,59,0.800115819
3/3/2015,Q1,Sewing,0.7,6960,58,0.750770115
3/3/2015,Q1,Sewing,0.75,6840,57,0.750473684
3/3/2015,Q1,Sewing,0.75,6240,52,0.750395513
3/3/2015,Q1,Sewing,0.75,3120,33,0.750212553
3/3/2015,Q1,Finishing,0.75,3360,8,0.702777778
3/3/2015,Q1,Sewing,0.7,6840,57,0.700659649
3/3/2015,Q1,Sewing,0.7,5040,51,0.699984417
3/3/2015,Q1,Finishing,0.8,3780,9,0.636049383
3/3/2015,Q1,Finishing,0.4,6300,15,0.567377778
3/3/2015,Q1,Finishing,0.7,3360,8,0.555430556
3/3/2015,Q1,Finishing,0.7,3360,8,0.555430556
3/3/2015,Q1,Finishing,0.7,3360,8,0.463194444
3/3/2015,Q1,Finishing,0.7,3360,8,0.354444444
3/3/2015,Q1,Finishing,0.75,3360,8,0.309333333
3/3/2015,Q1,Sewing,0.4,5400,45,
4/3/2015,Q1,Finishing,0.8,1200,10,0.939166667
4/3/2015,Q1,Finishing,0.8,960,8,0.930416667
4/3/2015,Q1,Finishing,0.8,1080,9,0.885925926
4/3/2015,Q1,Finishing,0.75,960,8,0.83375
4/3/2015,Q1,Finishing,0.7,960,8,0.806879167
4/3/2015,Q1,Finishing,0.7,960,8,0.806058333
4/3/2015,Q1,Sewing,0.8,0,56,0.800701754
4/3/2015,Q1,Sewing,0.8,4080,34,0.800401961
4/3/2015,Q1,Sewing,0.8,6840,57,0.800333333
4/3/2015,Q1,Sewing,0.8,3960,59,0.800055762
4/3/2015,Q1,Sewing,0.7,6960,58,0.799975862
4/3/2015,Q1,Sewing,0.7,6960,58,0.750651724
4/3/2015,Q1,Sewing,0.75,6240,52,0.750395513
4/3/2015,Q1,Sewing,0.7,6960,58,
4/3/2015,Q1,Sewing,0.7,5760,53,0.700058333
4/3/2015,Q1,Finishing,0.8,8400,20,0.684888889
4/3/2015,Q1,Finishing,0.7,960,8,0.592083333
4/3/2015,Q1,Finishing,0.5,960,8,0.5403125
4/3/2015,Q1,Sewing,0.8,6840,57,0.433263158
4/3/2015,Q1,Sewing,0.5,5520,46,0.404144928
4/3/2015,Q1,Sewing,0.75,3960,33,0.332146465
5/3/2015,Q1,Finishing,0.8,2640,22,0.980984848
5/3/2015,Q1,Finishing,0.6,960,8,0.950625
5/3/2015,Q1,Finishing,0.8,1200,10,0.927291667
5/3/2015,Q1,Finishing,0.8,1080,9,0.868888889
5/3/2015,Q1,Finishing,0.7,960,8,0.812625
5/3/2015,Q1,Finishing,0.7,960,8,0.812625
5/3/2015,Q1,Finishing,0.8,1800,15,0.810111111
5/3/2015,Q1,Sewing,0.8,3420,56,0.800701754
5/3/2015,Q1,Sewing,0.8,1800,57,0.800534979
5/3/2015,Q1,Sewing,0.8,4080,34,0.800401961
5/3/2015,Q1,Sewing,0.7,6960,58,0.750651724
5/3/2015,Q1,Sewing,0.75,6240,52,0.750395513
5/3/2015,Q1,Sewing,0.7,7080,59,0.750050847
5/3/2015,Q1,Sewing,0.7,6960,58,0.700424138
5/3/2015,Q1,Sewing,0.7,6000,50,0.700422
5/3/2015,Q1,Sewing,0.6,1320,46,0.600099145
5/3/2015,Q1,Finishing,0.75,960,8,0.453125
5/3/2015,Q1,Sewing,0.8,1200,59,0.366053523
5/3/2015,Q1,Sewing,0.35,2640,39,0.26369382
7/3/2015,Q1,Finishing,0.8,1080,9,0.868888889
7/3/2015,Q1,Sewing,0.8,4080,34,0.850520588
7/3/2015,Q1,Sewing,0.7,8160,58,0.850045
7/3/2015,Q1,Finishing,0.8,6000,25,0.825444444
7/3/2015,Q1,Finishing,0.35,2400,10,0.80575
7/3/2015,Q1,Sewing,0.7,6960,58,0.800746552
7/3/2015,Q1,Sewing,0.8,6840,57,0.800578947
7/3/2015,Q1,Sewing,0.8,3420,58,0.800034503
7/3/2015,Q1,Finishing,0.5,960,8,0.7975
7/3/2015,Q1,Sewing,0.75,3480,51,0.749987124
7/3/2015,Q1,Sewing,0.7,6000,50,0.700422
7/3/2015,Q1,Finishing,0.7,960,8,0.664875
7/3/2015,Q1,Finishing,0.7,960,8,0.664875
7/3/2015,Q1,Finishing,0.8,960,8,0.657083333
7/3/2015,Q1,Sewing,0.65,4200,45,0.65024031
7/3/2015,Q1,Finishing,0.8,3600,15,0.590740741
7/3/2015,Q1,Finishing,0.65,1920,8,0.528125
7/3/2015,Q1,Sewing,0.5,2280,39,0.500528095
7/3/2015,Q1,Sewing,0.7,6960,58,0.408960345
8/3/2015,Q2,Finishing,0.8,1440,12,0.951944444
8/3/2015,Q2,Finishing,0.8,1080,9,0.945555556
8/3/2015,Q2,Finishing,0.75,1080,9,0.929074074
8/3/2015,Q2,Finishing,0.75,960,8,0.890604167
8/3/2015,Q2,Finishing,0.75,960,8,0.890604167
8/3/2015,Q2,Finishing,0.7,1200,10,0.884
8/3/2015,Q2,Finishing,0.5,960,8,
8/3/2015,Q2,Sewing,0.75,6840,57,0.850084211
8/3/2015,Q2,Sewing,0.75,6960,58,0.85007069
8/3/2015,Q2,Sewing,0.8,3360,57,0.800511068
8/3/2015,Q2,Sewing,0.8,4080,34,0.800401961
8/3/2015,Q2,Sewing,0.8,3420,58,0.800034503
8/3/2015,Q2,Finishing,0.8,960,8,0.755208333
8/3/2015,Q2,Sewing,0.75,5640,52,0.750371895
8/3/2015,Q2,Sewing,0.7,6000,50,0.700422
8/3/2015,Q2,Sewing,0.7,4800,45,0.700106061
8/3/2015,Q2,Sewing,0.6,2520,38,0.601037091
8/3/2015,Q2,Sewing,0.6,6720,56,0.600528571
8/3/2015,Q2,Sewing,0.5,7080,59,0.500033898
8/3/2015,Q2,Finishing,0.6,960,8,0.4509375
8/3/2015,Q2,Finishing,0.7,960,8,0.441041667
8/3/2015,Q2,Finishing,0.6,960,8,0.271875
9/3/2015,Q2,Finishing,0.8,0,8,0.960625
9/3/2015,Q2,Finishing,0.8,0,9,0.902962963
9/3/2015,Q2,Finishing,0.6,0,12,0.864342593
9/3/2015,Q2,Sewing,0.75,7020,58,0.850446154
9/3/2015,Q2,Sewing,0.75,7140,59,0.850426891
9/3/2015,Q2,Finishing,0.75,0,15,0.841
9/3/2015,Q2,Sewing,0.8,5160,58,0.800842424
9/3/2015,Q2,Sewing,0.8,4080,34,0.800401961
9/3/2015,Q2,Sewing,0.8,3420,58,0.800034503
9/3/2015,Q2,Finishing,0.8,0,12,0.795416667
9/3/2015,Q2,Finishing,0.75,0,8,0.7953875
9/3/2015,Q2,Finishing,0.75,0,8,0.794566667
9/3/2015,Q2,Sewing,0.75,6240,52,0.750395513
9/3/2015,Q2,Sewing,0.7,5520,45,0.700516224
9/3/2015,Q2,Sewing,0.7,6000,50,0.700422
9/3/2015,Q2,Finishing,0.7,0,10,0.6825
9/3/2015,Q2,Sewing,0.65,4560,38,0.650962281
9/3/2015,Q2,Sewing,0.65,6720,56,0.650421429
9/3/2015,Q2,Sewing,0.6,7080,59,0.600040678
9/3/2015,Q2,Sewing,0.5,6600,55,0.500610909
9/3/2015,Q2,Finishing,0.7,0,8,0.477291667
9/3/2015,Q2,Finishing,0.65,0,8,0.2640625
10/3/2015,Q2,Finishing,0.8,1080,9,0.92
10/3/2015,Q2,Finishing,0.6,1440,12,0.909391667
10/3/2015,Q2,Sewing,0.75,7080,59,0.900061017
10/3/2015,Q2,Finishing,0.8,1440,12,0.894444444
10/3/2015,Q2,Finishing,0.75,960,8,0.881575
10/3/2015,Q2,Finishing,0.75,960,8,0.880754167
10/3/2015,Q2,Sewing,0.75,5880,59,0.850084211
10/3/2015,Q2,Finishing,0.75,1800,15,0.821666667
10/3/2015,Q2,Sewing,0.8,4080,34,0.800401961
10/3/2015,Q2,Sewing,0.8,6960,58,0.800071839
10/3/2015,Q2,Sewing,0.8,3420,58,0.800034503
10/3/2015,Q2,Finishing,0.8,960,8,0.758229167
10/3/2015,Q2,Sewing,0.75,6000,50,0.750608
10/3/2015,Q2,Sewing,0.75,6240,52,0.750395513
10/3/2015,Q2,Finishing,0.7,960,8,0.741
10/3/2015,Q2,Sewing,0.7,6840,57,0.700505263
10/3/2015,Q2,Sewing,0.7,4560,38,0.700246491
10/3/2015,Q2,Sewing,0.7,5400,45,0.700051852
10/3/2015,Q2,Sewing,0.65,7080,59,0.650044068
10/3/2015,Q2,Sewing,0.6,6840,57,0.630402924
10/3/2015,Q2,Finishing,0.65,960,8,0.560625
10/3/2015,Q2,Finishing,0.5,960,8,0.560625
10/3/2015,Q2,Finishing,0.7,960,8,0.39875
11/3/2015,Q2,Finishing,0.8,2160,9,0.922839506
11/3/2015,Q2,Finishing,0.8,2400,10,0.874027778
11/3/2015,Q2,Finishing,0.75,1920,8,0.819270833
11/3/2015,Q2,Finishing,0.75,1920,8,0.813309028
11/3/2015,Q2,Finishing,0.75,1920,8,0.812625
11/3/2015,Q2,Sewing,0.8,4080,34,0.800401961
11/3/2015,Q2,Sewing,0.8,6960,58,0.800071839
11/3/2015,Q2,Sewing,0.8,3420,58,0.800034503
11/3/2015,Q2,Finishing,0.8,1920,8,0.786631944
11/3/2015,Q2,Finishing,0.7,1440,12,0.75885
11/3/2015,Q2,Sewing,0.75,6000,50,0.750608
11/3/2015,Q2,Sewing,0.75,5040,52,0.750347333
11/3/2015,Q2,Sewing,0.75,5400,45,0.750140741
11/3/2015,Q2,Sewing,0.75,7080,59,0.750050847
11/3/2015,Q2,Sewing,0.75,7080,59,
11/3/2015,Q2,Sewing,0.7,6960,58,0.700556897
11/3/2015,Q2,Sewing,0.7,6840,57,0.700505263
11/3/2015,Q2,Sewing,0.7,4560,38,0.700246491
11/3/2015,Q2,Sewing,0.65,6840,57,0.650596491
11/3/2015,Q2,Finishing,0.75,960,8,0.628333333
11/3/2015,Q2,Finishing,0.7,960,8,
11/3/2015,Q2,Finishing,0.65,960,8,0.625625
11/3/2015,Q2,Finishing,0.75,1800,15,0.505888889
11/3/2015,Q2,Finishing,0.7,720,6,0.394722222
